0x0	0xc
0x0	0x10
0x10	0x1a
0x10	0x3af0
0x1a	0x2b
0x1a	0xde
0x2b	0x36
0x2b	0x97
0x36	0x41
0x36	0x71
0x41	0x4c
0x41	0x3ae4
0x4c	0x57
0x4c	0x3ae7
0x57	0x62
0x57	0x3aea
0x62	0x6d
0x62	0x3aed
0x6d	0x1c7a
0x71	0x7d
0x71	0x3adb
0x7d	0x88
0x7d	0x3ade
0x88	0x93
0x88	0x3ae1
0x93	0x1c9e
0x97	0xa3
0x97	0x3ac9
0xa3	0xae
0xa3	0x3acc
0xae	0xb9
0xae	0x3acf
0xb9	0xc4
0xb9	0x3ad2
0xc4	0xcf
0xc4	0x3ad5
0xcf	0xda
0xcf	0x3ad8
0xda	0x1cc2
0xde	0xea
0xde	0x130
0xea	0xf5
0xea	0x3ab7
0xf5	0x100
0xf5	0x3aba
0x100	0x10b
0x100	0x3abd
0x10b	0x116
0x10b	0x3ac0
0x116	0x121
0x116	0x3ac3
0x121	0x12c
0x121	0x3ac6
0x12c	0x1ce6
0x130	0x13c
0x130	0x3aa5
0x13c	0x147
0x13c	0x3aa8
0x147	0x152
0x147	0x3aab
0x152	0x15d
0x152	0x3aae
0x15d	0x168
0x15d	0x3ab1
0x168	0x173
0x168	0x3ab4
0x178	0x180
0x180	0x1a5
0x1a5	0x1ae
0x1a5	0x1c0
0x1ae	0x1a5
0x1c0	0x1d4
0x1c0	0x1ed
0x1d4	0x1ed
0x1fb	0x8ed
0x219	0x8f3
0x237	0x8fd
0x255	0x903
0x273	0x909
0x291	0x2a3
0x291	0x2a7
0x2a7	0x90f
0x2f6	0x94b
0x31a	0x95e
0x338	0x964
0x382	0x394
0x382	0x398
0x398	0x98a
0x3da	0x9d3
0x424	0x436
0x424	0x43a
0x43a	0x9f9
0x499	0xa4a
0x4e3	0xa70
0x52d	0xa96
0x577	0x57f
0x57f	0x5a4
0x5a4	0x5ad
0x5a4	0x5bf
0x5ad	0x5a4
0x5bf	0x5d3
0x5bf	0x5ec
0x5d3	0x5ec
0x5fa	0xb5a
0x644	0xb80
0x68e	0x6a0
0x68e	0x6a4
0x6a4	0xba6
0x6d0	0xbc7
0x6ee	0x700
0x6ee	0x704
0x704	0xbcd
0x766	0x778
0x766	0x77c
0x77c	0x7a8
0x7aa	0x7bc
0x7aa	0x7c0
0x7c0	0xcba
0x80d	0x81f
0x80d	0x823
0x823	0xceb
0x84f	0x89f
0x84f	0x39f4
0x89f	0x8a7
0x89f	0x8ba
0x8a7	0x3a1b
0x8ba	0x8c8
0x8c8	0x8c8
0x8c8	0x8dc
0x8dc	0x8e5
0x8ed	0x203
0x8f3	0x221
0x8fd	0x23f
0x903	0x25d
0x909	0x27b
0x90f	0x2bd
0x94b	0x2fe
0x95e	0x322
0x964	0x340
0x98a	0x3c4
0x9d3	0x3e2
0x9f9	0xa05
0x9f9	0xa06
0xa06	0x450
0xa4a	0x4a1
0xa70	0x4eb
0xa96	0x535
0xabc	0xb0c
0xabc	0x3a42
0xb0c	0xb14
0xb0c	0xb27
0xb14	0x3a69
0xb27	0xb35
0xb35	0xb35
0xb35	0xb49
0xb49	0xb52
0xb5a	0x602
0xb80	0x64c
0xba6	0xbb2
0xba6	0xbb3
0xbb3	0x6ba
0xbc7	0x6d8
0xbcd	0x750
0xc54	0xcaa
0xc54	0xcae
0xcae	0xd03
0xcba	0x7ec
0xceb	0x839
0xd03	0xd39
0xd03	0xd3d
0xd3d	0xcb7
